Route,Program,Implementation Date
M15+,ABLE,10/7/2019
B44+,ABLE,10/30/2019
M14+,ABLE,11/21/2019
B46+,ABLE,2/19/2020
M23+,ABLE,8/10/2020
M86+,ABLE,8/10/2020
M34+,ABLE,8/10/2020
Q44+,ABLE,10/3/2022
S79+,ABLE,10/31/2022
BX41+,ABLE,11/18/2022
BX12+,ABLE,11/18/2022
Q43,ABLE,11/28/2022
BX19,ABLE,11/28/2022
B62,ABLE,12/12/2022
B42,ABLE,12/12/2022
B25,ABLE,12/12/2022
BX35,ABLE,5/1/2023
BX36,ABLE,6/12/2023
Q58,ABLE,7/14/2023
B26,ABLE,9/25/2023
Q54,ABLE,11/8/2023
M15+,ACE,6/20/2024
B44+,ACE,6/20/2024
M14+,ACE,6/20/2024
B46+,ACE,6/20/2024
M23+,ACE,6/20/2024
M34+,ACE,6/20/2024
Q44+,ACE,6/20/2024
BX41+,ACE,6/20/2024
BX12+,ACE,6/20/2024
B62,ACE,6/20/2024
BX36,ACE,6/20/2024
Q58,ACE,6/20/2024
BX19,ACE,6/20/2024
Q54,ACE,6/20/2024
Q43,ACE,9/16/2024
B42,ACE,9/16/2024
BX35,ACE,9/16/2024
S79+,ACE,9/16/2024
B35,ACE,9/16/2024
B41,ACE,9/16/2024
BX28,ACE,9/16/2024
BX38,ACE,9/16/2024
M101,ACE,9/16/2024
S46,ACE,9/16/2024
M86+,ACE,9/30/2024
B25,ACE,9/30/2024
B26,ACE,9/30/2024
B82+,ACE,9/30/2024
BX6+,ACE,9/30/2024
M60+,ACE,9/30/2024
M79+,ACE,9/30/2024
Q5,ACE,9/30/2024
Q53+,ACE,9/30/2024
Q69,ACE,9/30/2024
M2,ACE,5/19/2025
M4,ACE,5/19/2025
BX5,ACE,5/27/2025
M42,ACE,5/27/2025
M100,ACE,5/27/2025
BX3,ACE,9/15/2025
BX7,ACE,9/15/2025
BX20,ACE,9/15/2025
Q6,ACE,9/15/2025
